{
  "scaler_type": "MinMaxScaler",
  "feature_scaler": {
    "min_": [
      -0.0478554827804775,
      -4.909903274905484e-05,
      0.0,
      -0.04828174698257433,
      -0.00016064773165402904
    ],
    "scale_": [
      4.695166326267108e-05,
      4.909903274905484e-05,
      23.911504424778762,
      4.69821045163897e-05,
      0.00016064773165402904
    ],
    "data_min_": [
      1019.25,
      1.0,
      0.0,
      1027.6625,
      1.0
    ],
    "data_max_": [
      22317.75,
      20368.0,
      0.041820873427091045,
      22312.3625,
      6225.8
    ],
    "data_range_": [
      21298.5,
      20367.0,
      0.041820873427091045,
      21284.7,
      6224.8
    ]
  },
  "price_scaler": {
    "min_": [
      -0.0478554827804775
    ],
    "scale_": [
      4.695166326267108e-05
    ],
    "data_min_": [
      1019.25
    ],
    "data_max_": [
      22317.75
    ],
    "data_range_": [
      21298.5
    ]
  },
  "sequence_length": 20,
  "prediction_steps": 5,
  "features": [
    "close",
    "volume",
    "hl_range",
    "close_ma",
    "vol_ma"
  ]
}